scenario_id,b1,q1,b2,q2,inflow_seed1,inflow_seed2
1,0.2678108424897069,2.174776029043828,0.41465994592806854,2.073220922683825,9622,1693
2,0.22207833000676425,4.234459070627777,0.1013298344082333,4.285450289170844,451,4569
3,0.2234436660135479,2.244730205326179,0.13157685468541436,3.0179439498217873,674,1256
4,0.433598186413213,2.2342154308417634,0.3364871600335505,2.461206959479498,5994,2608
