scenario_id,b1,q1,b2,q2,inflow_seed1,inflow_seed2
1,0.28053946549534026,3.368107360971293,0.10927889291140921,2.7593145158443555,4783,3259
2,0.100568528275324,2.0568191033692895,0.22919913826415453,3.1980254028073807,9593,6799
3,0.1801925048001346,3.2530904763080404,0.10559886876548599,2.0270802059536415,7326,7581
4,0.22075321742745382,4.177510269157015,0.395464577624142,2.1058587233484345,895,5197
