scenario_id,b1,q1,b2,q2,inflow_seed1,inflow_seed2
1,0.28053946549534026,3.368107360971293,0.10927889291140921,2.7593145158443555,4783,3259
2,0.17585432044275012,2.0746018904854733,0.1009495510805145,2.2266593268798687,6643,4099
3,0.25246936504979156,3.0136596451212228,0.2771769564118005,3.895764375359919,2858,2076
4,0.100568528275324,2.0568191033692895,0.22919913826415453,3.1980254028073807,9593,6799
